prompt_len_tokens,duration_s,total_input_tokens,total_output_tokens,req_throughput_per_s,output_tok_throughput_per_s,peak_output_tok_throughput_per_s,peak_concurrent_requests,total_tok_throughput_per_s,mean_ttft_ms,median_ttft_ms,p99_ttft_ms,mean_tpot_ms,median_tpot_ms,p99_tpot_ms,mean_itl_ms,median_itl_ms,p99_itl_ms
128,79.27,6400,6400,0.63,80.73,91.0,2.0,161.47,169.4,108.15,1672.14,11.15,11.1,12.41,11.06,11.08,11.78
256,78.99,12800,6400,0.63,81.02,89.0,2.0,243.06,151.38,150.54,174.96,11.25,11.24,11.3,11.16,11.23,11.74
512,84.07,25600,6400,0.59,76.13,88.0,2.0,380.63,231.72,230.15,252.91,11.41,11.41,11.46,11.32,11.41,11.88
1024,98.42,51200,6400,0.51,65.03,86.0,2.0,585.27,477.35,476.05,515.38,11.74,11.74,11.77,11.65,11.74,12.13
2048,135.55,102400,6400,0.37,47.22,81.0,2.0,802.68,1139.6,1134.08,1287.37,12.37,12.37,12.38,12.27,12.37,12.79
4096,239.59,204800,6400,0.21,26.71,74.0,2.0,881.49,3059.94,3055.3,3118.31,13.63,13.63,13.64,13.53,13.65,14.06
8192,572.27,409600,6400,0.09,11.18,63.0,2.0,726.92,9393.1,9396.74,9433.55,16.16,16.16,16.17,16.03,16.2,16.64
16384,1731.45,819200,6400,0.03,3.7,49.0,2.0,476.83,31937.29,31935.59,31983.16,21.19,21.19,21.2,21.03,21.29,21.74
32768,6025.21,1638400,6400,0.01,1.06,34.0,2.0,272.99,116533.66,116533.19,116590.04,31.26,31.26,31.28,31.02,31.46,31.92
